{
  "ndcg@10": 0.683408827231414,
  "map": 0.6447050264550264
}